Question,Answer,Keywords
"Bagaimana cara mendaftar santri baru di Al-Ikhsan?","Pendaftaran santri baru dilakukan secara online. Silakan kunjungi website resmi kami di https://www.alikhsan-beji.app/. Di sana, Anda bisa membuat akun, mengisi formulir biodata, dan mengunggah berkas yang diperlukan.","cara daftar, pendaftaran, registrasi, online, website"
"Apa saja syarat dokumen yang harus disiapkan untuk mendaftar?","Biasanya dokumen standar meliputi KK, Akta Kelahiran, foto berwarna, dan ijazah terakhir. Namun, untuk detail pastinya, silakan login ke https://www.alikhsan-beji.app/ dan cek menu persyaratan di dashboard pendaftaran.","syarat, dokumen, berkas, kk, akta"
"Berapa biaya pendaftaran dan biaya bulanan di Pondok Pesantren Al-Ikhsan?","Untuk rincian biaya pendaftaran (uang pangkal) dan syahriyah (bulanan) terbaru, informasinya tersedia lengkap di dashboard https://www.alikhsan-beji.app/ setelah Anda membuat akun. Biaya kami relatif terjangkau dengan fasilitas pendidikan salaf dan modern.","biaya, harga, uang gedung, syahriyah, bayar"
"Apakah di sini hanya belajar agama atau bisa sambil sekolah formal?","Di Al-Ikhsan, kami menerapkan sistem integrasi Salaf dan Modern. Santri bisa mondok sambil sekolah formal di Madrasah Ibtidaiyah (MI), Madrasah Tsanawiyah (MTs), atau Madrasah Aliyah (MA) yang berada di bawah naungan yayasan.","sekolah formal, sekolah umum, mi, mts, ma, salaf modern"
"Apa itu program AEDS yang ada di Al-Ikhsan?","AEDS adalah singkatan dari Arabic and English Development Skills. Ini adalah program unggulan kami untuk mengembangkan kemampuan dua bahasa (Arab dan Inggris) santri, baik aktif maupun pasif, guna mencetak santri yang siap Go International.","aeds, bahasa, inggris, arab, program unggulan"
"Bagaimana sistem pendidikan di Pondok Pesantren Al-Ikhsan?","Kami menggabungkan dua sistem: Salaf (ala Lirboyo) untuk penguasaan kitab kuning, dan Modern (ala Gontor) untuk pengembangan bahasa Arab dan Inggris. Ini sesuai dengan visi kami mencetak muslim berilmu, berbudi luhur, dan mandiri.","sistem pendidikan, kurikulum, salaf, modern, gontor, lirboyo"
"Saya lupa password akun pendaftaran saya, bagaimana solusinya?","Jangan khawatir. Silakan buka halaman login di https://www.alikhsan-beji.app/, lalu klik tombol 'Lupa Password' atau 'Forgot Password'. Ikuti instruksi yang dikirim ke email Anda untuk mereset kata sandi.","lupa password, reset sandi, tidak bisa login, akun"
"Dimana alamat lengkap Pondok Pesantren Al-Ikhsan?","Kami berlokasi di Desa Beji I, Kecamatan Kedungbanteng, Kabupaten Banyumas, Jawa Tengah, Kode Pos 53152. Lokasinya sekitar 5 km ke arah utara dari kota Purwokerto, menuju arah wisata Baturraden.","alamat, lokasi, peta, banyumas, purwokerto"
"Apakah orang tua boleh menjenguk santri? Kapan jadwalnya?","Wali santri diperbolehkan menjenguk (sambangan) sesuai jadwal yang ditentukan pondok agar tidak mengganggu kegiatan belajar. Biasanya hari Jumat atau Minggu. Mohon konfirmasi ke pengurus pondok melalui kontak yang tersedia sebelum datang.","jenguk, sambangan, kunjungan, orang tua, jadwal"
"Siapa pengasuh Pondok Pesantren Al-Ikhsan saat ini?","Saat ini Pondok Pesantren Al-Ikhsan diasuh oleh Kiai Achmad Shodiq Muchtar Idris Al-Hafiz, meneruskan perjuangan pendiri KH. Abu Chamid.","pengasuh, kiai, kyai, pimpinan, pengurus"
"Apakah ada program khusus untuk menghafal Al-Quran?","Ya, kami memiliki Pondok Tachfizul-Quran. Santri di program ini fokus pada setoran hafalan (ziyadah) dan murojaah setiap hari mulai dari subuh hingga malam, di samping kegiatan sekolah formal.","tahfidz, hafal quran, menghafal, tachfizul, program hafalan"
"Bagaimana kegiatan sehari-hari santri putra?","Kegiatan sangat padat dan teratur. Dimulai sebelum subuh (qubailash-shubhi), dilanjut AEDS Bahasa Arab, sekolah formal jam 07.00-13.15, AEDS Bahasa Inggris sore hari, kajian kitab kuning malam hari, hingga istirahat sekitar jam 22.30.","kegiatan putra, jadwal harian, aktivitas, rutinitas"
"Apa bedanya santri mukim dan santri kalong?","Santri Mukim adalah santri yang tinggal dan menetap di asrama pondok. Santri Kalong (Non-Mukim) adalah santri yang mengikuti kegiatan pengajian atau sekolah di sini tetapi tidak menginap (biasanya warga sekitar).","santri mukim, santri kalong, asrama, pulang pergi, perbedaan"
"Apakah santri boleh membawa HP atau Laptop?","Secara umum, penggunaan gadget dibatasi untuk menjaga fokus belajar. Namun, untuk kebutuhan tugas sekolah/kuliah tertentu, ada aturan khusus. Sebaiknya tanyakan detail aturan barang bawaan ini ke pengurus saat daftar ulang.","hp, handphone, laptop, gadget, aturan, barang bawaan"
"Saya mahasiswa UNSOED, apakah bisa nyantri di Al-Ikhsan?","Sangat bisa. Kami menerima santri mahasiswa dari UNSOED, IAIN Purwokerto, dan kampus lain. Banyak mahasiswa yang nyantri di sini karena lokasi strategis dan biaya syahriyah yang relatif terjangkau.","mahasiswa, unsoed, iain, kuliah sambil mondok, universitas"
"Apa saja ekstrakurikuler yang tersedia di pondok?","Untuk mengembangkan bakat, kami punya ekskul Hadroh/Rebana, Kepenulisan, Sepak Bola (Putra), hingga Drama Bahasa Asing. Kegiatan ini biasanya dilakukan pada Minggu sore atau Sabtu malam.","ekskul, ekstrakurikuler, bakat, minat, hobi"
"Apakah ada nomor kontak pengurus pondok putra yang bisa dihubungi?","Untuk Pondok Putra, Anda bisa menghubungi nomor 0857-4211-2215. Silakan hubungi pada jam kerja atau jam istirahat santri agar fast respon.","kontak putra, nomor wa, telepon, pengurus putra"
"Kalau mau tanya tentang Pondok Putri, hubungi siapa?","Untuk informasi seputar Pondok Putri, silakan hubungi nomor 0856-4060-9641.","kontak putri, nomor wa, telepon, pengurus putri"
"Bagaimana cara pembayaran tagihan pendaftaran di aplikasi?","Setelah mendaftar di https://www.alikhsan-beji.app/, Anda akan mendapatkan instruksi pembayaran (biasanya via transfer bank). Pastikan Anda mengunggah bukti transfer di menu yang disediakan agar diverifikasi admin.","bayar, transfer, tagihan, metode pembayaran, konfirmasi"
"Apa itu program Hard Teaching System (HTS)?","HTS adalah program spesialisasi bahasa (Arab & Inggris) yang intensif diadakan selama 20 hari di bulan Ramadhan. Tujuannya untuk memacu kecakapan komunikasi santri dan dibuka juga untuk peserta luar.","hts, hard teaching system, ramadhan, program kilat, kursus"
"Kapan pondok pesantren ini didirikan?","Pondok Pesantren Al-Ikhsan didirikan pada tahun 1986 oleh KH. Abu Chamid. Awalnya hanya menampung sedikit santri di rumah beliau hingga berkembang menjadi kompleks pesantren seperti sekarang.","sejarah, tahun berdiri, pendirian, asal usul"
"Apakah website pendaftaran bisa diakses lewat HP?","Ya, website https://www.alikhsan-beji.app/ sudah mobile-friendly. Anda bisa mendaftar dan memantau status pendaftaran langsung dari browser HP Anda.","akses hp, mobile, smartphone, tampilan, error"
"Apa visi utama dari Pondok Pesantren Al-Ikhsan?","Visi kami adalah membentuk manusia muslim yang berilmu, berbudi luhur, serta mandiri. Kami ingin santri tidak hanya pintar agama, tapi juga siap menghadapi tantangan zaman.","visi, tujuan, cita-cita, target"
"Apakah santri diwajibkan bisa bahasa Arab dan Inggris?","Ya, penguasaan Dwi Bahasa adalah program prioritas kami. Santri akan dibimbing mulai dari nol melalui program AEDS, jadi tidak perlu takut jika belum bisa sama sekali saat masuk.","wajib bahasa, inggris, arab, kemampuan bahasa, pemula"
"Saya sudah upload berkas tapi statusnya masih 'Menunggu Verifikasi', berapa lama prosesnya?","Proses verifikasi biasanya memakan waktu 1x24 jam pada hari kerja. Jika lebih dari itu belum berubah, silakan hubungi admin via WhatsApp dengan menyertakan nama pendaftar.","verifikasi, status, pending, lama, admin"
"Apakah ada program beasiswa untuk santri kurang mampu?","Pondok biasanya memiliki kebijakan khusus untuk yatim piatu atau dhuafa. Namun, kuota dan syaratnya bisa berubah. Silakan tanyakan langsung ke panitia PSB atau cek pengumuman di website.","beasiswa, keringanan, biaya, yatim, kurang mampu"
"Bagaimana kegiatan makan santri? Apakah disediakan pondok?","Umumnya santri makan dengan sistem kos (masak sendiri/beli) atau katering yang dikelola pondok, tergantung kebijakan asrama masing-masing. Fasilitas dapur biasanya disediakan.","makan, konsumsi, dapur, masak, katering"
"Apa akun media sosial resmi pondok untuk melihat dokumentasi kegiatan?","Anda bisa ikuti Instagram kami di @ponpes_alikhsanbeji, Facebook 'Pondok Pesantren Al-Ikhsan Beji Kedungbanteng', atau Channel Youtube dengan nama yang sama.","sosmed, instagram, facebook, youtube, foto kegiatan"
"Apakah ada kajian kitab kuning? Kitab apa saja?","Pasti. Kami mengkaji kitab-kitab salaf (Tafsir Jalalain, Fathul Qorib, dll) dengan sistem Bandongan (klasikal) dan Sorogan (individu) untuk memastikan pemahaman santri.","kitab kuning, kajian, pengajian, salaf, bandongan"
"Jika saya mengalami error 'Server Bermasalah' saat daftar, apa yang harus dilakukan?","Mohon maaf atas ketidaknyamanannya. Coba refresh halaman atau ganti browser. Jika masih error, kemungkinan sedang ada maintenance. Silakan lapor ke tim IT kami atau coba lagi beberapa saat kemudian.","error, server, bug, tidak bisa akses, masalah teknis"
"Apakah lulusan Al-Ikhsan bisa lanjut kuliah ke luar negeri?","Insya Allah bisa. Dengan bekal AEDS (Bahasa Arab & Inggris) dan ijazah formal (Aliyah), alumni kami memiliki modal kuat untuk melanjutkan studi ke Timur Tengah maupun negara lainnya.","kuliah, luar negeri, alumni, prospek, timur tengah"
"Apa itu TOT (Training Of Trainer)?","TOT adalah program non-reguler untuk mencetak kader instruktur/pengajar Bahasa Inggris. Pelatihannya intensif selama ± 3 bulan dengan materi reading, conversation, hingga teaching practice.","tot, training of trainer, pelatih, instruktur, guru bahasa"
"Apakah santri tidur di kasur atau di lantai?","Fasilitas asrama kami menyediakan ruang tidur yang layak. Santri biasanya membawa kasur lipat/busa masing-masing atau sesuai fasilitas kamar yang tersedia. Kebersihan kamar menjadi tanggung jawab bersama.","tidur, kamar, asrama, fasilitas, kasur"
"Berapa luas area pondok pesantren ini?","Luas tanah pondok sekitar 4030 m2 dengan luas bangunan 3700 m2. Area ini mencakup asrama putra/putri, masjid, kelas madrasah, dan kantor.","luas, area, gedung, fasilitas, tanah"
"Apa kegiatan santri pada malam Jumat?","Malam Jumat diisi dengan kegiatan spiritual seperti Yasinan, Tahlilan, dan Ziarah Makam Masyayikh (bada Isya), serta pembacaan Maulid Nabi (Kamis malam).","malam jumat, kegiatan rutin, tahlil, yasin, ziarah"
"Bagaimana jika anak saya sakit di pondok?","Kami memiliki unit kesehatan pesantren (Poskestren) untuk penanganan ringan. Jika sakit berlanjut, pengurus akan segera menghubungi orang tua dan mengantar santri ke klinik/puskesmas terdekat.","sakit, kesehatan, obat, klinik, darurat"
"Apakah ada tes seleksi masuk?","Ada tes pemetaan kemampuan untuk menentukan kelas Diniyah dan kelas Bahasa (AEDS), namun bukan untuk menolak santri. Tes biasanya meliputi baca Al-Quran dan wawancara dasar.","tes, seleksi, ujian masuk, placement test, wawancara"
"Saya ingin mendaftarkan dua anak sekaligus, apakah harus bikin dua akun?","Disarankan membuat satu akun per anak agar data biodata dan berkas tidak tertukar di sistem database kami. Gunakan email yang berbeda untuk setiap pendaftaran.","daftar dua anak, akun ganda, email, kakak adik"
"Apa nama yayasan yang menaungi pondok ini?","Pondok bernaung di bawah Yayasan Al-Ikhsan yang berbadan hukum resmi. Legalitas ini menjamin validitas ijazah dan operasional pendidikan kami.","yayasan, legalitas, badan hukum, resmi"
"Apakah santri boleh pulang setiap minggu?","Tidak. Perizinan pulang diatur ketat, biasanya hanya saat liburan semester atau ada keperluan mendesak (sakit parah/duka cita). Ini untuk melatih kemandirian santri.","pulang, izin, libur, perizinan, aturan"
"Bagaimana cara mengecek pengumuman kelulusan/diterima?","Pengumuman akan muncul di dashboard akun pendaftaran Anda di https://www.alikhsan-beji.app/ atau dikirimkan melalui notifikasi WhatsApp/Email yang terdaftar.","pengumuman, lulus, diterima, hasil seleksi"
"Program Junior English Trainer (JET) itu untuk usia berapa?","JET dirancang sebagai pembekalan skill bahasa Inggris sedini mungkin, idealnya untuk anak usia lepas SD atau masa SLTP (SMP/MTs).","jet, junior english, smp, usia, anak"
"Apakah ada koperasi atau kantin di dalam pondok?","Ya, tersedia koperasi santri yang menyediakan kebutuhan harian (sabun, alat tulis, jajanan) sehingga santri tidak perlu sering keluar kompleks pondok.","koperasi, kantin, jajan, belanja, kebutuhan"
"Jam berapa santri mulai bangun tidur?","Santri dibangunkan sebelum subuh (Qubailash-Shubhi) untuk persiapan sholat malam/subuh berjamaah, dilanjut kegiatan bahasa Arab pagi.","bangun tidur, jam berapa, subuh, pagi"
"Bisakah saya survey lokasi dulu sebelum mendaftar online?","Tentu boleh. Silakan datang ke kantor sekretariat kami di Beji I, Banyumas pada jam kerja untuk melihat lingkungan pondok dan bertanya langsung kepada pengurus.","survey, lihat lokasi, berkunjung, datang langsung"
"Apa yang dimaksud dengan 'Santri Kalong'?","Santri Kalong adalah sebutan untuk santri yang tidak menginap di asrama. Mereka biasanya warga sekitar yang ikut mengaji kitab atau sekolah formal di Al-Ikhsan, lalu pulang ke rumah masing-masing.","santri kalong, non mukim, pulang pergi, warga sekitar"
"Bagaimana kualitas pengajar/ustadz di Al-Ikhsan?","Para Ustadz/Ustadzah adalah alumni pesantren yang kompeten (sebagian besar mahasiswa/sarjana). Untuk program bahasa, kami datangkan pelatih khusus atau alumni senior yang berpengalaman.","pengajar, guru, ustadz, kualitas, sdm"
"Apakah ada laundry untuk pakaian santri?","Biasanya santri dilatih mandiri mencuci baju sendiri. Namun, jika ada layanan laundry warga sekitar yang bekerjasama, itu bersifat opsional dan berbayar di luar biaya pondok.","cuci baju, laundry, pakaian, mandiri"
"Apa arti nomor statistik 51.2.33.02.19.001 di profil pondok?","Itu adalah Nomor Statistik Pondok Pesantren (NSPP) dari Kementerian Agama. Ini membuktikan bahwa Al-Ikhsan adalah lembaga pendidikan Islam yang terdaftar dan diakui negara.","nspp, nomor statistik, izin kemenag, terdaftar"
"Apa pesan error 'Email Sudah Terdaftar' saat registrasi?","Artinya email tersebut sudah pernah dipakai untuk mendaftar sebelumnya. Jika itu email Anda, silakan langsung Login saja, tidak perlu daftar baru. Jika lupa password, gunakan fitur Lupa Password.","email terdaftar, error registrasi, sudah punya akun, login"
"File foto saya gagal diupload, padahal sudah jpg. Kenapa ya?","Biasanya ini masalah ukuran file. Pastikan ukuran foto tidak lebih dari 1MB atau 2MB. Coba kompres dulu fotonya menggunakan aplikasi kompres foto online, lalu upload ulang.","gagal upload, foto, error, ukuran file, kompres"
"Apakah santri boleh membawa setrika sendiri?","Untuk alasan keamanan listrik dan menghindari korsleting di asrama, santri dilarang membawa alat elektronik pemanas seperti setrika atau rice cooker. Setrika biasanya disediakan pondok atau ada jadwal laundry.","setrika, alat elektronik, rice cooker, listrik, larangan"
"Bagaimana jika anak saya tidak betah dan minta pulang terus?","Homesickness adalah hal wajar di bulan pertama. Pengurus memiliki pendekatan khusus (konseling) untuk memotivasi santri. Kami mohon orang tua tega 'sementara' dan tidak terlalu sering menjenguk di minggu-minggu awal agar anak cepat beradaptasi.","tidak betah, homesick, minta pulang, adaptasi, nangis"
"Apakah ada mesin ATM di dekat pondok?","Lokasi pondok di Beji cukup strategis. Ada beberapa ATM (BRI/BCA/Mandiri) yang bisa dijangkau dengan jarak sekitar 5-10 menit berkendara dari area pondok. Namun, santri dilarang keluar tanpa izin.","atm, bank, ambil uang, lokasi, terdekat"
"Berapa ukuran kasur yang harus dibawa?","Untuk tempat tidur, biasanya kami menggunakan ukuran single (lebar 70-90cm). Jangan membawa kasur spring bed besar karena akan memakan tempat teman sekamar. Disarankan kasur busa lipat yang praktis.","kasur, ukuran, tempat tidur, sprei, perlengkapan"
"Apakah santri wajib loundry atau mencuci sendiri?","Pondok menekankan kemandirian, jadi santri diajarkan mencuci sendiri. Namun, jika ada kendala (misal sakit atau padat kegiatan), biasanya ada warga sekitar yang menawarkan jasa laundry berbayar.","laundry, cuci baju, nyuci, pakaian, jasa"
"Bagaimana prosedur pengiriman paket untuk santri?","Paket bisa dikirim ke alamat pondok: PP Al-Ikhsan, Desa Beji I, Kec. Kedungbanteng, Banyumas, 53152. Wajib cantumkan: NAMA LENGKAP SANTRI dan NAMA AYAH/KAMAR (jika tahu) agar tidak tertukar. Paket akan diperiksa pengurus keamanan terlebih dahulu.","kirim paket, alamat paket, jne, jnt, barang kiriman"
"Apa sanksi jika santri ketahuan merokok?","Al-Ikhsan menerapkan aturan ketat. Merokok termasuk pelanggaran berat. Sanksinya bertahap mulai dari teguran, botak (bagi putra), panggilan orang tua, hingga dikembalikan ke orang tua (dikeluarkan) jika berulang kali melanggar.","merokok, rokok, sanksi, hukuman, pelanggaran"
"Apakah boleh membawa pakaian jeans/levis?","Demi menjaga kesopanan dan adab santri, penggunaan celana ketat atau berbahan jeans biasanya tidak diperkenankan di lingkungan pesantren. Disarankan membawa celana bahan/kain yang longgar.","jeans, levis, celana ketat, pakaian, dilarang"
"Bagaimana sistem keamanan di pondok? Aman tidak?","Insya Allah aman. Kami memiliki petugas keamanan (Kamtib) dari unsur pengurus senior yang berjaga 24 jam, serta gerbang yang dikunci pada jam malam. Tamu asing wajib lapor.","keamanan, satpam, maling, jaga malam, safety"
"Kalau mau transfer uang saku santri ke rekening mana?","Pondok biasanya menggunakan sistem Tabungan Santri terpusat untuk keamanan uang. Nomor rekening virtual atau rekening pengurus akan diinfokan saat daftar ulang. Hindari memberi uang tunai berlebih ke anak.","kirim uang, transfer, wesel, uang saku, rekening"
"Apakah ada libur semesteran? Berapa lama?","Ya, ada libur semester ganjil (biasanya Desember) dan semester genap/kenaikan kelas (biasanya Syawal/Juni). Durasinya sekitar 1-2 minggu, tergantung kalender pendidikan pondok tahun itu.","libur, pulang kampung, semesteran, tanggal merah, cuti"
"Apa itu kegiatan 'Roan'?","Roan adalah istilah pesantren untuk kerja bakti membersihkan lingkungan pondok. Biasanya dilakukan setiap hari Minggu pagi atau Jumat pagi. Ini melatih gotong royong dan kebersihan.","roan, kerja bakti, bersih-bersih, gotong royong, piket"
"Bagaimana jika saya salah input NIK atau Nama saat daftar?","Data krusial seperti NIK sebaiknya benar. Jika terlanjur salah simpan, silakan hubungi Admin IT kami lewat WhatsApp di website untuk dibantu reset data atau edit manual dari sistem pusat.","salah data, edit, ubah nama, nik salah, revisi"
"Apakah walisantri disediakan penginapan jika datang dari jauh?","Pondok memiliki ruang tamu terbatas. Jika walisantri ingin menginap, kami sarankan mencari penginapan/homestay di sekitar Kedungbanteng atau Baturraden yang banyak tersedia dan nyaman.","penginapan, hotel, menginap, tamu luar kota, homestay"
"Anak saya punya alergi makanan tertentu, bagaimana?","Mohon sampaikan hal ini secara detail kepada pengurus asrama/dapur saat serah terima santri. Kami akan berusaha memantau, namun santri juga harus diedukasi untuk menghindari makanan pemicu alerginya.","alergi, makanan, pantangan, kesehatan, sakit"
"Apakah di kamar mandi antre panjang?","Namanya kehidupan pesantren, antre adalah seni kesabaran. Ya, pada jam sibuk (sebelum subuh/sekolah) pasti antre. Santri diajarkan bangun lebih awal (tahajud) jika ingin mandi lebih tenang.","antre, kamar mandi, wc, air, rebutan"
"Berapa jumlah santri dalam satu kamar?","Kapasitas kamar bervariasi tergantung ukuran gedung, rata-rata berisi 10-20 santri. Ini untuk membangun kebersamaan (ukhuwah) yang kuat antar teman.","sekamar berapa orang, kapasitas, teman kamar, isi kamar"
"Apakah ada pelajaran umum seperti Matematika/IPA?","Tentu ada, bagi santri yang sekolah di lembaga formal (MI, MTs, MA) di bawah naungan yayasan. Kurikulumnya mengikuti standar pemerintah (Kemenag/Kemdikbud) ditambah muatan lokal pesantren.","pelajaran umum, matematika, ipa, kurikulum nasional, sekolah"
"Apa yang dimaksud sistem 'Bandongan'?","Bandongan adalah metode mengaji di mana Kiai membaca dan menerjemahkan kitab, santri menyimak dan memberi makna (ngabsahi) pada kitabnya masing-masing. Ini metode klasik pesantren.","bandongan, metode ngaji, makna kitab, pengajian"
"Apa yang dimaksud sistem 'Sorogan'?","Sorogan adalah metode privat/individu di mana santri membaca kitab/Al-Quran di depan ustadz untuk dikoreksi bacaan dan pemahamannya. Ini sangat efektif untuk pemula.","sorogan, privat, setoran, baca kitab, metode"
"Apakah website pendaftaran aman dari virus?","Insya Allah aman. Website https://www.alikhsan-beji.app/ menggunakan protokol HTTPS (enkripsi) untuk melindungi data pribadi pendaftar. Pastikan Anda mengakses alamat yang benar.","keamanan web, virus, hack, data bocor, https"
"Saya tidak punya email, bisa daftar pakai nomor HP saja?","Sistem kami mewajibkan email untuk verifikasi akun dan reset password. Jika tidak punya, mintalah bantuan saudara/warnet untuk membuatkan email Gmail gratis terlebih dahulu.","tidak punya email, daftar tanpa email, nomor hp, syarat"
"Kapan batas akhir pendaftaran?","Gelombang pendaftaran biasanya ditutup menjelang awal tahun ajaran baru (Juli) atau jika kuota asrama sudah penuh. Pantau terus hitung mundur di dashboard website kami.","deadline, batas akhir, penutupan, kuota penuh, tanggal"
"Apakah santri boleh bawa motor?","Santri siswa (MTs/MA) dilarang membawa kendaraan bermotor. Motor hanya diperbolehkan untuk pengurus senior atau mahasiswa dengan izin khusus keamanan pondok.","bawa motor, kendaraan, parkir, izin motor"
"Bagaimana penanganan bullying di Al-Ikhsan?","Kami memiliki toleransi NOL terhadap bullying. Jika ada laporan, pengurus akan investigasi. Pelaku akan dihukum berat dan korban akan didampingi. Kami mengedepankan lingkungan yang ahlul karimah.","bullying, perundungan, nakal, berantem, kekerasan"
"Apakah air di pondok lancar dan bersih?","Sumber air di Beji (kaki gunung Slamet) insya Allah sangat jernih dan melimpah. Namun, santri tetap diajarkan hemat air sebagai bagian dari adab.","air, mandi, bersih, macet, sumber air"
"Apa bedanya program Reguler dan Non-Reguler?","Reguler adalah kegiatan wajib harian (sekolah & ngaji). Non-reguler adalah program tambahan/kursus singkat seperti TOT, JET, atau kursus kilat Ramadhan untuk skill spesifik.","reguler, non reguler, perbedaan program, kursus"
"Apakah ada seragam khusus pondok?","Ada. Santri biasanya memiliki seragam identitas pondok (batik/koko khusus) untuk acara resmi, dan seragam sekolah formal. Kain/baju seragam biasanya dibeli di koperasi saat daftar ulang.","seragam, baju, batik, pakaian resmi, beli seragam"
"Bagaimana jika saya lupa membawa berkas fisik saat daftar ulang?","Berkas fisik wajib diserahkan untuk arsip. Jika lupa, Anda mungkin diberi tenggat waktu untuk menyusulkan/mengirim via pos, tapi ini akan menghambat proses administrasi santri.","berkas ketinggalan, lupa bawa, susulan, daftar ulang"
"Bolehkah santri putri memakai celana panjang?","Untuk santri putri, wajib memakai rok/gamis yang menutup aurat sempurna. Celana panjang hanya boleh dipakai sebagai rangkapan dalam (celana legging/training) di balik rok, bukan sebagai luaran.","celana putri, rok, gamis, aurat, pakaian wanita"
"Apa kitab fiqih dasar yang dipelajari?","Biasanya untuk pemula menggunakan kitab Safinatun Najah atau Fathul Qorib. Ini adalah kitab standar pesantren salaf untuk memahami hukum ibadah sehari-hari.","kitab fiqih, safinah, fathul qorib, pelajaran agama, dasar"
"Apakah ada kegiatan olahraga?","Ya, setiap Minggu pagi biasanya ada jadwal olahraga. Untuk putra ada sepak bola, voli, atau badminton. Putri biasanya senam atau badminton di area tertutup.","olahraga, sepak bola, futsal, senam, sehat"
"Bagaimana cara santri menghubungi orang tua?","Pondok menyediakan layanan Wartel (Warung Telekomunikasi) atau HP kantor pada jam-jam tertentu (biasanya hari libur). Santri bisa antre untuk menelepon orang tua.","telepon orang tua, hubungi rumah, wartel, komunikasi, kangen"
"Apakah uang gedung bisa dicicil?","Kebijakan angsuran biasanya dilihat kasus per kasus. Silakan komunikasikan kondisi ekonomi Anda kepada panitia PSB atau bendahara pondok saat wawancara/daftar ulang untuk mencari solusi.","cicilan, angsuran, keringanan, bayar bertahap, uang pangkal"
"Apa itu 'Simakan' Al-Quran?","Simakan adalah kegiatan menyimak hafalan/bacaan Al-Quran. Satu orang membaca (bil ghoib/hafalan), yang lain menyimak untuk mengoreksi jika ada salah. Ini rutin dilakukan di pondok tahfidz.","simakan, hafalan, tahfidz, quran, murojaah"
"Apakah ijazah Al-Ikhsan diakui negara?","Ya, karena kami memiliki sekolah formal (MI, MTs, MA) yang terakreditasi dan izin operasional pesantren (Kemenag), ijazah kami diakui penuh untuk melamar kerja atau kuliah (negeri/swasta).","ijazah, akreditasi, diakui, kuliah, kerja"
"Barang apa saja yang sering disita keamanan?","Barang yang sering disita: HP (yang disembunyikan), MP3 player, novel percintaan, kartu remi/domino, rokok, dan pakaian yang tidak syar'i.","sita, barang haram, razia, keamanan, pelanggaran"
"Bagaimana cuaca di Beji Banyumas?","Karena berada di dekat kaki Gunung Slamet, cuaca di Beji cenderung sejuk dan kadang dingin di malam hari. Disarankan membawa jaket atau selimut tebal.","cuaca, dingin, suhu, jaket, selimut"
"Apakah ada grup WhatsApp untuk wali santri?","Biasanya setiap angkatan atau kelas memiliki grup WA yang dikelola pengurus untuk menyebarkan informasi resmi. Link grup akan diberikan setelah santri resmi diterima.","grup wa, whatsapp, forum orang tua, informasi"
"Bolehkah membawa lemari sendiri?","Tidak perlu. Pondok sudah menyediakan lemari (loker) kayu untuk setiap santri. Membawa lemari sendiri akan memenuhi kamar. Cukup bawa gembok kunci cadangan.","lemari, loker, tempat baju, gembok, fasilitas"
"Apa itu 'Ziarah Masyayikh'?","Itu adalah tradisi mendoakan para pendiri/guru pondok yang sudah wafat. Di Al-Ikhsan, kami rutin ziarah ke makam KH. Abu Chamid dan leluhur setiap Kamis malam atau Minggu pagi.","ziarah, kuburan, doa, tahlil, tradisi"
"Bagaimana jika anak saya belum lancar baca Quran?","Tidak masalah. Akan dimasukkan ke kelas TPQ/Iqra terlebih dahulu. Kami telaten membimbing dari nol sampai lancar, asalkan santrinya mau belajar.","belum bisa ngaji, iqra, buta huruf, belajar quran, pemula"
"Apakah pendaftaran buka 24 jam?","Sistem online di https://www.alikhsan-beji.app/ buka 24 jam. Anda bisa mengisi formulir jam berapa saja. Namun verifikasi data dilakukan pada jam kerja manusia (08.00 - 16.00 WIB).","jam buka, 24 jam, kapan daftar, waktu"
"Saya lupa username, gimana loginnya?","Login bisa menggunakan alamat EMAIL yang didaftarkan. Jadi tidak perlu menghafal username, cukup ingat email dan passwordnya.","lupa username, login gagal, masuk aplikasi, akun"
"Apakah ada ujian masuk bahasa Inggris?","Ada tes dasar untuk penempatan kelas (placement test) program AEDS, bukan untuk menggugurkan. Jadi kami tahu anak Anda masuk level dasar (beginner) atau lanjutan.","tes bahasa, ujian inggris, placement, aeds, seleksi"
"Kenapa status saya 'Berkas Ditolak'?","Cek keterangan di dashboard/email. Biasanya karena foto buram, scan ijazah terpotong, atau dokumen salah upload (misal: minta KK tapi upload Akta). Silakan perbaiki dan upload ulang.","berkas ditolak, revisi, gagal verifikasi, salah upload, perbaiki"
"Berapa kali santri makan sehari?","Biasanya jadwal makan adalah 2 atau 3 kali sehari (Pagi sebelum sekolah, Siang setelah sekolah, dan Sore/Malam). Tergantung paket katering yang diambil atau kebiasaan jajan santri.","makan berapa kali, jatah makan, konsumsi, gizi"
"Apakah boleh membawa laptop untuk mengerjakan skripsi (santri mahasiswa)?","Untuk santri status Mahasiswa, diperbolehkan membawa laptop dengan surat izin khusus dan penggunaannya diatur agar tidak mengganggu santri lain yang mengaji.","laptop, mahasiswa, skripsi, tugas kuliah, izin gadget"
"Apa yang harus dilakukan setelah dinyatakan 'DITERIMA'?","Segera lakukan Daftar Ulang (biasanya pembayaran administrasi awal dan penyerahan berkas fisik) sesuai tanggal yang tertera di pengumuman agar kuota tidak hangus.","diterima, langkah selanjutnya, daftar ulang, instruksi, what next"
"Apa saja materi yang diajarkan dalam program AEDS selain percakapan?","Program AEDS sangat komprehensif. Selain Conversation, santri juga diajarkan Reading (bacaan), Dictation (imla/dikte), Grammar (tata bahasa), Composition (mengarang), hingga Teaching Practice (praktik mengajar).","materi aeds, kurikulum bahasa, grammar, conversation, pelajaran inggris"
"Apa itu program TAKS (Ta’lim al-lughoh ‘arobiyah al-khususiyah)?","TAKS adalah program unggulan bahasa Arab intensif selama 3 bulan dengan frekuensi 3 kali pertemuan sehari. Ini dirancang untuk percepatan penguasaan bahasa Arab santri.","taks, bahasa arab, kursus arab, program khusus, intensif"
"Apakah santri diajarkan public speaking atau pidato?","Ya, kami memiliki kegiatan 'Muhadhoroh' atau latihan pidato (Khitobahan) dalam tiga bahasa (Indonesia, Arab, Inggris). Ini melatih mental dan skill retorika santri di depan umum.","pidato, public speaking, muhadhoroh, mental, khitobahan"
"Bagaimana metode menghafal di Pondok Tahfidz Al-Ikhsan?","Kami menggunakan metode Ziyadah (setoran hafalan baru) dan Murojaah (mengulang hafalan lama). Santri menyetor bacaan dengan sistem Sorogan (satu per satu) kepada pengasuh untuk menjaga kualitas tajwid.","metode hafal, tahfidz, ziyadah, murojaah, cara menghafal"
"Apa kitab tafsir yang dikaji di pondok ini?","Untuk santri tingkat lanjut atau yang sudah khatam Al-Quran bin-nadzor, kami mengkaji Tafsir Jalalain secara bandongan di masjid. Ini rujukan standar pesantren salaf.","tafsir, kitab tafsir, jalalain, kajian, ngaji tafsir"
"Apakah ada kelas khusus untuk anak yang ingin jadi guru bahasa Inggris?","Ada, kami punya program TOT (Training Of Trainer). Peserta dididik khusus selama ± 3 bulan dengan materi pedagogi (cara mengajar) agar siap menjadi instruktur bahasa Inggris yang handal.","jadi guru, instruktur, tot, training of trainer, mengajar"
"Kapan waktu kegiatan belajar Madrasah Diniyah (Kitab Kuning)?","Madrasah Diniyah dilaksanakan pada malam hari, tepatnya setelah Isya (sekitar pukul 20.20) hingga pukul 21.30. Setelah itu dilanjut sorogan kitab fiqih sesuai kelas.","jam ngaji, madin, diniyah, jadwal malam, waktu belajar"
"Apakah ijazah Madrasah Diniyah bisa dipakai melanjutkan studi?","Ijazah Diniyah bersifat lokal pesantren sebagai bukti penguasaan ilmu agama. Untuk melanjutkan studi ke universitas umum, yang dipakai adalah ijazah formal (MA/SMA). Namun, ijazah Diniyah sangat berguna untuk masuk perguruan tinggi Islam (UIN/IAIN/Timur Tengah).","ijazah diniyah, syahadah, sertifikat, kuliah, legalitas"
"Apa bedanya tingkat Awaliyah, Tsanawiyah, dan Ulya di Diniyah?","Itu adalah jenjang kemampuan kitab kuning. Awaliyah untuk pemula (dasar), Tsanawiyah untuk menengah, dan Ulya (Aliyah) untuk tingkat lanjut yang mengkaji kitab-kitab yang lebih kompleks/tebal.","tingkatan, kelas diniyah, level ngaji, ulya, awaliyah"
"Apakah ada pelajaran komputer?","Sesuai rencana pengembangan, kami mengadakan Laboratorium Komputer untuk menunjang keterampilan teknologi santri, sehingga mereka tidak gaptek (gagap teknologi) di era digital.","komputer, lab, ti, teknologi, skill digital"
"Bagaimana jika anak saya lemah di pelajaran Matematika sekolah formal?","Di sekolah formal (MI/MTs/MA), guru-guru kami siap memberikan bimbingan tambahan. Selain itu, teman sekamar (senior) seringkali membantu adik kelasnya belajar (tutorial teman sebaya).","matematika, pelajaran umum, remidi, les, bimbingan"
"Apakah santri diajarkan seni Hadroh atau Rebana?","Ya, ekstrakurikuler Hadroh/Rebana/Banjari dilaksanakan setiap Minggu sore. Ini wadah bagi santri yang memiliki bakat seni islami dan sering tampil di acara-acara pondok.","hadroh, rebana, seni, musik islami, banjari"
"Apakah ada kegiatan pramuka di sekolahnya?","Di lembaga formal (MTs/MA), Pramuka adalah ekstrakurikuler wajib yang membentuk karakter disiplin, kerjasama, dan cinta alam, sesuai kurikulum nasional.","pramuka, ekskul wajib, kepanduan, disiplin"
"Bagaimana nasib santri yang sakit kulit (gudik/scabies)?","Penyakit kulit adalah musuh bersama. Kami melakukan pencegahan dengan menjemur kasur rutin (Roan). Jika terkena, santri diisolasi pengobatannya di Poskestren dan bajunya wajib dicuci air panas/disetrika.","gudik, scabies, gatal, penyakit kulit, kesehatan"
"Apakah lulusan Al-Ikhsan bisa masuk AKPOL atau TNI?","Bisa. Selama santri bersekolah di MA (Madrasah Aliyah) kami, mereka mendapatkan ijazah negara yang sah untuk mendaftar TNI, Polri, atau kedinasan lainnya, ditambah bekal mental pesantren yang kuat.","akpol, tni, polisi, kedinasan, prospek kerja"
"Apa itu kegiatan 'Bahtsul Masail'?","Bahtsul Masail adalah forum diskusi tingkat lanjut (biasanya untuk santri Ulya/Mahasiswa) untuk memecahkan masalah kekinian berdasarkan hukum fiqih. Ini melatih nalar kritis santri.","bahtsul masail, diskusi hukum, forum, debat, fiqih"
"Apakah ada ujian semester untuk Diniyah?","Ada. Ujian Diniyah (Imtihan) diadakan setiap akhir semester untuk mengevaluasi pemahaman kitab. Ada ujian tulis dan ujian lisan (baca kitab gundul).","ujian, imtihan, tes kitab, evaluasi, semester"
"Siapa target peserta program Junior English Trainer (JET)?","JET ditargetkan untuk santri usia lepas SD atau masa SLTP (SMP/MTs). Ini pembekalan skill bahasa sejak dini agar saat dewasa mereka sudah fasih.","target jet, usia peserta, smp, anak-anak, bahasa inggris"
"Apakah santri diajarkan kemandirian finansial/wirausaha?","Secara tidak langsung, melalui pengelolaan koperasi santri atau kepanitiaan acara, santri belajar manajemen dan tanggung jawab. Visi kami memang mencetak santri yang mandiri.","wirausaha, bisnis, mandiri, entrepreneur, dagang"
"Bagaimana cara pondok memantau sholat 5 waktu santri?","Kami menggunakan sistem absensi jamaah. Setiap waktu sholat, pengurus kamar/kamtib akan mengecek keberadaan santri. Jika absen tanpa udzur syar'i, akan ada takzir (hukuman mendidik).","sholat jamaah, absen, disiplin sholat, pantauan"
"Apa itu kitab 'Fathul Qorib'?","Fathul Qorib adalah kitab fiqih mazhab Syafi'i yang sangat populer di pesantren. Kitab ini membahas detail hukum ibadah (thaharah, sholat) hingga muamalah, dan menjadi materi wajib di sini.","fathul qorib, kitab fiqih, pelajaran, materi"
"Apakah santri Tahfidz tetap sekolah formal?","Ya, di Al-Ikhsan, santri Tahfidz tetap wajib sekolah formal (pagi). Hafalan dilakukan di waktu-waktu khusus (subuh, sore, malam). Kami ingin mencetak penghafal Al-Quran yang juga berwawasan luas.","tahfidz sekolah, bagi waktu, sekolah formal, hafal sambil sekolah"
"Bagaimana jika santri menghilangkan barang milik pondok?","Sesuai aturan 'Ghoshob' dan tanggung jawab, santri yang menghilangkan atau merusak fasilitas pondok wajib menggantinya sesuai nilai barang tersebut.","ganti rugi, merusak, hilang, barang pondok, sanksi"
"Apakah ada program pertukaran pelajar?","Saat ini kami fokus pada penguatan internal dan mendatangkan tamu/turis asing untuk praktik bahasa (seperti disebutkan dalam metode AEDS: praktik dengan native/turis).","pertukaran pelajar, studi banding, luar negeri, native speaker"
"Apa sanksi bagi santri yang pacaran?","Pacaran adalah pelanggaran berat syariat dan aturan pondok. Sanksinya sangat tegas, mulai dari penyitaan alat komunikasi, pemanggilan orang tua, hingga dikeluarkan jika terbukti melanggar batas asusila.","pacaran, lawan jenis, sanksi berat, hubungan, aturan"
"Bagaimana prosedur perizinan sakit pulang ke rumah?","Izin pulang karena sakit hanya diberikan jika Poskestren sudah tidak sanggup menangani atau butuh rujukan dokter spesialis. Harus ada rekomendasi dari pengurus kesehatan pondok.","izin sakit, pulang berobat, prosedur, syarat pulang"
"Apakah ada pelajaran kaligrafi (Khat)?","Biasanya seni Kaligrafi masuk dalam muatan lokal atau kegiatan pengembangan minat bakat, terutama untuk memperbaiki tulisan Arab (Imla) santri.","kaligrafi, khat, tulisan arab, seni tulis"
"Bagaimana kualitas makanan katering santri?","Makanan disiapkan dengan standar gizi seimbang (nasi, lauk, sayur). Kami memastikan makanan halal dan thoyyib. Menu bervariasi agar santri tidak bosan.","makanan, gizi, menu, katering, enak gak"
"Apakah santri boleh membawa lemari es mini?","Tidak boleh. Alat elektronik berdaya besar dilarang keras di asrama karena keterbatasan daya listrik dan faktor keamanan kebakaran.","kulkas, elektronik, larangan, listrik"
"Bagaimana dukungan alumni Al-Ikhsan?","Kami memiliki ikatan alumni yang kuat. Alumni sering mengadakan reuni dan membantu adik-adik kelasnya yang baru lulus untuk informasi kuliah atau kerja (networking).","alumni, ikatan, lulusan, jaringan, bantuan"
"Apakah ada kegiatan Nonton Bersama?","Ya, ada agenda Nonton Bersama (Nobar) setiap Sabtu malam di minggu keempat setiap bulan. Biasanya film edukasi, sejarah Islam, atau dokumenter untuk hiburan mendidik.","nonton bareng, nobar, hiburan, film, malam minggu"
"Apa itu kegiatan 'Drama Bahasa Asing'?","Ini adalah panggung gembira di mana santri menampilkan drama teater menggunakan Bahasa Arab dan Inggris sepenuhnya. Diadakan setiap Sabtu malam minggu ketiga. Melatih percaya diri dan bahasa.","drama, teater, seni peran, bahasa asing, tampil"
"Kapan waktu tidur santri?","Setelah kegiatan malam selesai (sekitar 22.15), santri melakukan mudarosah (belajar mandiri) sebentar, lalu istirahat tidur agar bisa bangun sebelum subuh (Qiamul Lail).","jam tidur, istirahat, begadang, jadwal"
"Apakah ada pembacaan Al-Barzanji?","Ya, kami melestarikan tradisi salaf. Kajian kitab Al-Barzanji dan Istighotsah dilakukan setiap Sabtu malam di minggu pertama setiap bulan.","barzanji, sholawat, tradisi, nu, istighotsah"
"Bagaimana cara mendaftar ulang jika sudah diterima online?","Bawa bukti pendaftaran yang dicetak dari website, bawa berkas asli (KK, Akta, dll), dan datang ke sekretariat pondok untuk pengukuran seragam dan pembayaran administrasi.","daftar ulang, lapor diri, pemberkasan, prosedur"
"Apakah pondok ini berafiliasi dengan ormas tertentu?","Pondok Pesantren Al-Ikhsan berhaluan Ahlussunnah Wal Jama'ah (Aswaja), yang secara kultural dekat dengan Nahdlatul Ulama (NU), mengedepankan tasamuh (toleransi) dan tawasuth (moderat).","ormas, nu, muhammadiyah, aswaja, aliran"
"Apa itu 'Simakan Hafalan Kamis Wage'?","Ini adalah tradisi khusus di Pondok Tachfizul-Quran. Simakan (uji hafalan) dilakukan rutin pada hari Jumat Pagi dan Kamis Wage untuk menjaga kelancaran hafalan santri.","kamis wage, simakan, jadwal khusus, tradisi jawa"
"Bolehkah santri membawa buku bacaan luar (Novel/Komik)?","Buku pelajaran sangat dianjurkan. Novel/Komik hiburan dibatasi agar tidak mengganggu waktu belajar. Konten buku harus mendidik dan tidak bertentangan dengan nilai pesantren.","buku bacaan, novel, komik, literasi, bawa buku"
"Apakah ada Wi-Fi untuk santri?","Wi-Fi umumnya tersedia di area kantor atau lab komputer untuk keperluan pendidikan/sekolah. Akses untuk santri dibatasi dan dipantau (firewall) agar tidak mengakses konten negatif.","wifi, internet, akses, hotspot, online"
"Apa yang dimaksud 'Santri Mahasiswa'?","Mereka adalah mahasiswa (UNSOED, IAIN, dll) yang memilih tinggal di pondok (bukan kos). Siang kuliah, pagi/sore/malam mengaji. Ini solusi hemat dan berkah bagi mahasiswa perantauan.","santri mahasiswa, kuliah mondok, unsoed, purwokerto"
"Bagaimana jika terjadi kehilangan uang?","Kami sarankan uang disimpan di Tabungan Santri. Jika menyimpan tunai di lemari dan hilang, itu kelalaian santri. Namun, pengurus akan bantu investigasi jika ada indikasi pencurian.","uang hilang, maling, keamanan, tabungan"
"Apakah ada transportasi umum ke arah pondok?","Dari terminal Purwokerto, ada angkutan umum/angkot atau ojek online yang bisa mengantar sampai ke Desa Beji. Lokasinya cukup mudah diakses kendaraan umum.","transportasi, angkot, rute, terminal, akses"
"Apa bedanya 'Mudarosah' dan 'Mutholaah'?","Mutholaah adalah membaca/mempelajari kembali pelajaran sendiri. Mudarosah biasanya belajar bersama/diskusi kelompok membahas pelajaran diniyah di kamar sebelum tidur.","belajar, istilah, mudarosah, mutholaah, diskusi"
"Berapa lama program Hard Teaching System (HTS) berlangsung?","HTS adalah program kilat 20 hari selama bulan Ramadhan (tanggal 1-20 Ramadhan). Sangat intensif dan cocok untuk mengisi liburan puasa dengan ilmu bermanfaat.","durasi hts, lama kursus, ramadhan, kilat"
"Apakah ada kelas akselerasi (percepatan)?","Di Diniyah, kenaikan kelas berbasis kemampuan. Jika santri sangat cerdas dan cepat menguasai kitab (lulus tes sorogan), ia bisa saja naik kelas lebih cepat dari teman seangkatan.","akselerasi, lompat kelas, cepat lulus, pintar"
"Bagaimana penanganan sampah di pondok?","Kebersihan sebagian dari iman. Santri piket membuang sampah pada tempatnya, dan kami bekerjasama dengan dinas kebersihan setempat atau pengelola sampah desa untuk pengangkatan sampah.","sampah, kebersihan, lingkungan, kotor"
"Apakah ada laundry syariah (suci hama)?","Jika pondok menyediakan atau bekerjasama dengan laundry, kami memastikan proses pencuciannya memenuhi standar 'thaharah' (suci dari najis), bukan sekadar bersih wangi.","laundry syariah, suci, najis, cuci baju"
"Apa syarat menjadi ustadz/pengajar di sini?","Selain kemampuan akademis/kitab, syarat utamanya adalah akhlakul karimah dan sanad keilmuan yang jelas. Sebagian besar pengajar adalah alumni senior atau lulusan pesantren besar lain.","syarat ustadz, kualifikasi, guru, pengajar"
"Apakah ada diskon biaya untuk saudara kandung?","Biasanya ada kebijakan potongan uang pangkal untuk kakak-beradik yang masuk bersamaan. Detail nominalnya silakan tanyakan langsung ke bendahara saat wawancara keuangan.","diskon, kakak adik, saudara, potongan harga"
"Kenapa harus memilih Al-Ikhsan dibanding pondok lain?","Karena kami memadukan tiga kekuatan: Kedalaman ilmu agama (Salaf), Kemampuan Bahasa Internasional (AEDS Modern), dan Pendidikan Formal yang berkualitas. Biaya terjangkau, lokasi strategis.","keunggulan, kenapa memilih, alasan, kelebihan"
"Saya tidak menerima email verifikasi setelah mendaftar, sudah cek Inbox kosong.","Mohon cek folder 'Spam' atau 'Junk' di email Anda, kadang masuk ke sana. Jika tetap tidak ada dalam 10 menit, coba klik tombol 'Kirim Ulang Verifikasi' di halaman login. Pastikan email yang Anda ketik tidak typo (salah ketik).","email verifikasi, tidak masuk, spam, junk, kode otp"
"Muncul pesan error '413 Request Entity Too Large' saat upload berkas. Artinya apa?","Itu artinya file yang Anda upload melebihi batas maksimal server. Mohon kompres file PDF atau JPG Anda menjadi di bawah 2MB menggunakan situs kompresi online (seperti ilovepdf atau tinyjpg) lalu coba upload ulang.","413 error, file terlalu besar, gagal upload, kompres, size"
"Tombol 'Simpan' berwarna abu-abu dan tidak bisa diklik, kenapa?","Biasanya tombol 'Simpan' baru aktif jika semua kolom bertanda bintang merah (*) sudah terisi lengkap. Cek kembali formulir Anda, mungkin ada kolom NIK atau Tanggal Lahir yang terlewat atau formatnya salah.","tombol macet, tidak bisa klik, simpan, abu-abu, disable"
"Apakah NIK harus 16 digit? Saya ketik tapi muncul merah-merah.","Betul, sistem memvalidasi NIK harus tepat 16 digit angka sesuai KTP/KK. Pastikan tidak ada spasi atau tanda baca (-). Jika NIK anak belum keluar, gunakan NIK sementara yang tertera di bagian atas KK.","nik, validasi, 16 digit, merah, error form"
"Saya tidak sengaja menekan tombol 'Finalisasi Data', apakah masih bisa edit biodata?","Mohon maaf, data yang sudah di-Finalisasi otomatis terkunci (Lock) agar siap diverifikasi panitia. Jika ada perubahan fatal, Anda wajib menghubungi Admin IT via WhatsApp untuk meminta pembukaan kunci akses (Unlock).","finalisasi, terkunci, edit data, salah input, unlock"
"Koneksi internet saya putus saat sedang mengisi formulir panjang, apakah data hilang?","Jika Anda belum menekan tombol 'Simpan', kemungkinan data yang baru diketik akan hilang saat halaman di-refresh. Kami sarankan mengisi data secara bertahap dan rajin menekan tombol Simpan di setiap bagian.","koneksi putus, data hilang, refresh, simpan otomatis"
"Bagaimana cara scan ijazah jika saya tidak punya scanner?","Anda bisa menggunakan aplikasi HP seperti 'CamScanner' atau 'Google Drive Scan'. Pastikan foto tegak, pencahayaan terang, tulisan terbaca jelas, dan tidak ada bayangan tangan. Simpan dalam format PDF atau JPG.","scan, aplikasi hp, camscanner, foto dokumen, ijazah"
"Saya lupa password dan email pemulihan saya sudah tidak aktif/hilang. Solusinya?","Kasus ini memerlukan verifikasi manual. Silakan hubungi Admin PSB dengan menyertakan Nama Lengkap Santri dan Foto KK/Akte untuk pencocokan data. Admin akan membantu mereset email akun Anda dari database.","email mati, lupa sandi, akun hilang, reset manual, admin"
"Apakah satu akun bisa dipakai untuk mendaftar jenjang yang berbeda (misal MTs dan MA)?","Tidak. Satu akun pendaftaran terikat pada satu formulir jenjang. Jika Anda ingin mendaftar untuk dua anak beda jenjang, mohon buat dua akun berbeda dengan email yang berbeda pula.","dua jenjang, akun ganda, mts ma, formulir"
"Muncul pesan '500 Internal Server Error' saat klik menu pembayaran.","Ini menandakan server sedang sibuk atau ada gangguan sementara dari sisi kami. Mohon tunggu sekitar 15-30 menit, lalu refresh browser Anda. Jangan melakukan transfer uang dulu sebelum halaman normal kembali.","500 error, server down, gangguan, lag, maintenance"
"Bukti transfer saya buram/tidak terbaca, apakah akan ditolak?","Kemungkinan besar iya. Admin Keuangan butuh bukti jelas untuk validasi mutasi bank. Mohon upload ulang foto struk yang jelas. Jika struk hilang, bisa screenshot riwayat mutasi di m-banking Anda.","bukti transfer, buram, ditolak, struk, mbanking"
"Format tanggal lahirnya DD-MM-YYYY atau MM-DD-YYYY? Saya bingung.","Sistem kami menggunakan format Indonesia: Tanggal-Bulan-Tahun (DD-MM-YYYY). Anda juga bisa menggunakan fitur 'Date Picker' (ikon kalender) di samping kolom isian untuk menghindari kesalahan format.","format tanggal, date, lahir, salah tahun, kalender"
"Kenapa foto profil saya terbalik/miring (rotate) setelah diupload?","Ini kadang terjadi karena metadata kamera HP. Anda bisa mengedit/merotasi foto tersebut di galeri HP terlebih dahulu sampai tegak lurus, simpan, baru kemudian upload ulang ke aplikasi.","foto miring, terbalik, rotate, profil, upload"
"Apakah saya bisa mencicil pembayaran daftar ulang lewat aplikasi?","Aplikasi hanya mencatat pembayaran yang masuk. Jika Anda sudah sepakat dengan bendahara untuk mencicil, silakan transfer sesuai nominal cicilan, lalu upload bukti. Status di aplikasi mungkin akan tertulis 'Belum Lunas' sampai cicilan selesai.","cicil, aplikasi, status pembayaran, lunas, bendahara"
"Saya mendaftar lewat iPhone (Safari) tapi tampilannya berantakan.","Terkadang ada isu kompatibilitas browser. Kami sarankan menggunakan browser 'Google Chrome' atau 'Mozilla Firefox' versi terbaru, baik di Android, iOS, maupun Laptop untuk tampilan yang paling stabil.","iphone, safari, tampilan rusak, browser, chrome"
"Bagaimana cara mencetak Kartu Bukti Pendaftaran?","Setelah status Anda 'Diverifikasi' dan 'Lunas', menu 'Cetak Kartu' akan muncul di Dashboard. Klik tombol tersebut, file PDF akan terunduh. Silakan print menggunakan kertas HVS ukuran A4/F4.","cetak kartu, print, bukti daftar, download pdf, kartu ujian"
"Apa yang harus diisi di kolom 'NISN' jika anak saya lulusan SD luar negeri?","Jika tidak memiliki NISN (Nomor Induk Siswa Nasional), silakan isi dengan angka '0000000000' (nol 10 kali) sementara. Nanti akan diproses pembuatan NISN baru oleh operator sekolah setelah diterima.","nisn, luar negeri, kosong, nomor induk, tidak punya"
"Saya salah memilih jenis kelamin di awal pendaftaran, tidak bisa diubah.","Jenis kelamin menentukan penempatan asrama (Putra/Putri), jadi sistem menguncinya. Anda HARUS lapor ke Admin segera untuk diubah dari sistem pusat. Jangan lanjutkan pembayaran sebelum data ini benar.","jenis kelamin, salah pilih, gender, putra putri, fatal"
"Berapa digit kode Virtual Account (VA) untuk pembayaran?","Jika menggunakan VA, biasanya terdiri dari Kode Bank + Nomor HP/ID Pendaftaran. Pastikan salin (copy) nomor VA langsung dari aplikasi untuk menghindari salah transfer. Jangan mengetik manual jika ragu.","va, virtual account, kode bayar, digit, transfer"
"Apakah bisa bayar pendaftaran lewat Alfamart/Indomaret?","Saat ini kami belum terintegrasi langsung. Namun Anda bisa melakukan 'Top Up' e-wallet (DANA/OVO/GoPay) di Alfamart, lalu transfer dari e-wallet tersebut ke rekening pondok.","alfamart, indomaret, bayar tunai, cash, minimarket"
"Token sesi Anda telah berakhir (Session Expired), silakan login kembali. Maksudnya?","Ini fitur keamanan. Jika Anda mendiamkan halaman website terlalu lama (lebih dari 30 menit) tanpa aktivitas, sistem otomatis logout. Silakan login ulang dan lanjutkan pengisian data.","session expired, logout sendiri, sesi habis, login ulang"
"Di kolom 'Penghasilan Orang Tua', apakah gaji kotor atau bersih?","Isikan estimasi rata-rata penghasilan bersih per bulan (Gaji Ayah + Ibu). Data ini bersifat rahasia dan hanya digunakan untuk pemetaan demografi ekonomi santri atau pertimbangan beasiswa.","penghasilan, gaji, data orang tua, nominal, privasi"
"Nama di Akta dan Ijazah anak saya beda satu huruf, pakai yang mana?","Gunakan nama sesuai AKTA KELAHIRAN sebagai rujukan utama legalitas kependudukan. Perbedaan nama di ijazah sebaiknya diurus surat keterangannya di sekolah asal, tapi untuk daftar pondok, pakai Akta.","beda nama, ijazah akta, salah huruf, data valid"
"Saya tidak punya rekening bank sendiri, apakah boleh pakai rekening tetangga untuk transfer?","Boleh. Yang terpenting adalah BUkTI TRANSFER diupload ke akun anak Anda dan nominalnya tepat. Tuliskan nama santri di berita acara transfer jika memungkinkan untuk memudahkan pengecekan.","rekening orang lain, transfer, pinjam rekening, pembayaran"
"Apakah file SKL (Surat Keterangan Lulus) bisa dipakai pengganti Ijazah?","Bisa. Bagi pendaftar yang ijazah aslinya belum keluar dari sekolah asal, WAJIB mengupload SKL atau Surat Keterangan Aktif Sekolah kelas akhir sebagai dokumen sementara.","skl, ijazah belum keluar, dokumen sementara, pengganti"
"Kolom 'Prestasi' apakah wajib diisi? Saya tidak punya sertifikat.","Tidak wajib. Kolom prestasi bersifat opsional. Jika tidak ada, kosongkan saja atau beri tanda strip (-). Jangan upload sertifikat palsu atau gambar sembarangan.","prestasi, sertifikat, wajib gak, kosongkan, juara"
"Saat upload Kartu Keluarga (KK), apakah harus scan asli atau fotokopi boleh?","Disarankan scan dokumen KK ASLI yang berwarna biru/tanda tangan basah. Jika terpaksa fotokopi, pastikan sudah dilegalisir basah dan tulisannya terbaca sangat jelas (tidak hitam ngeblok).","kk, scan asli, fotokopi, legalisir, dokumen"
"Bagaimana jika alamat domisili saya beda dengan alamat di KK?","Di formulir biasanya ada opsi 'Alamat Domisili sama dengan KK?'. Jika beda, hilangkan centangnya dan isi alamat tempat tinggal Anda yang sekarang secara manual.","alamat beda, domisili, ktp, tempat tinggal, formulir"
"Google Maps titik koordinat rumah saya tidak akurat, gimana?","Anda bisa menggeser pin (jarum merah) di peta aplikasi secara manual ke lokasi atap rumah Anda yang sebenarnya. Akurasi titik koordinat penting untuk data zonasi atau kunjungan.","maps, lokasi, koordinat, peta salah, geser pin"
"Apakah aplikasi pendaftaran ini aman untuk data pribadi saya?","Aplikasi kami menggunakan enkripsi SSL (Gembok Hijau) dan database yang diproteksi. Data Anda hanya diakses oleh panitia PSB (Penerimaan Santri Baru) untuk keperluan pendidikan dan tidak diperjualbelikan.","keamanan data, privasi, aman, bocor, ssl"
"Saya sudah transfer tapi status di aplikasi masih 'Menunggu Pembayaran' sudah 2 hari.","Kemungkinan transfer Anda tidak terbaca mutasi otomatis (misal transfer dari agen BRILink manual). Segera fotokan bukti transfer dan kirim ke WhatsApp Bendahara Pondok untuk validasi manual.","status macet, belum berubah, sudah bayar, konfirmasi"
"Apakah nomor HP yang didaftarkan harus nomor WA aktif?","Sangat Wajib. Semua notifikasi penting, tagihan, dan pengumuman darurat akan dikirim via WhatsApp. Pastikan nomor tersebut selalu aktif dan bisa dihubungi selama proses pendaftaran.","nomor wa, whatsapp aktif, notifikasi, wajib"
"Bagaimana cara mengecilkan ukuran foto di HP tanpa aplikasi tambahan?","Biasanya bisa dengan cara: Screenshot foto tersebut, lalu crop bagian tepinya. Hasil screenshot biasanya memiliki ukuran file (KB) yang jauh lebih kecil daripada foto asli kamera.","kecilkan foto, kompres manual, screenshot, tips"
"Ada kolom 'Riwayat Penyakit', apakah kalau diisi anak saya tidak diterima?","Tidak. Justru WAJIB diisi jujur (misal: asma, epilepsi, maag akut) agar tim kesehatan pondok siaga dan bisa menangani dengan tepat jika kambuh. Menyembunyikan riwayat penyakit justru berbahaya.","penyakit, riwayat kesehatan, jujur, diterima gak"
"Sistem menolak password baru saya, katanya 'Too Weak'.","Password harus memenuhi kriteria keamanan minimal. Coba kombinasi: Minimal 8 karakter, ada Huruf Besar, Huruf Kecil, dan Angka. Contoh: 'Santri2025'.","password lemah, too weak, sandi, keamanan, syarat"
"Tombol 'Cetak Kartu' tidak muncul di HP, tapi di Laptop ada.","Ini masalah resolusi layar (responsiveness). Coba putar HP Anda menjadi Landscape (miring), atau gunakan mode 'Desktop Site' pada pengaturan browser HP Anda agar tombolnya terlihat.","tampilan hp, tombol hilang, desktop mode, landscape"
"Apakah uang pendaftaran bisa ditarik kembali jika membatalkan diri?","Secara aturan yayasan, uang pendaftaran (formulir) yang sudah masuk TIDAK BISA ditarik kembali (non-refundable), karena dianggap sebagai biaya administrasi sistem. Mohon pertimbangkan matang-matang.","refund, tarik uang, batal daftar, uang kembali, aturan"
"Saya kembar, wajahnya sama. Apakah boleh pakai satu foto berdua?","Tidak boleh. Foto profil harus sendiri-sendiri (close up) untuk kebutuhan kartu identitas santri. Walaupun kembar, biodata tetap terpisah per individu.","kembar, foto berdua, satu foto, identitas"
"Apa yang dimaksud dengan 'Jalur Prestasi' dan 'Jalur Reguler'?","Jalur Prestasi biasanya untuk pendaftar yang memiliki sertifikat hafalan Quran atau juara lomba tingkat kota/provinsi (ada seleksi berkas). Jalur Reguler adalah pendaftaran umum melalui tes standar.","jalur masuk, prestasi, reguler, beda jalur"
"Apakah saya perlu mengirim berkas fisik via Pos setelah daftar online?","Tergantung pengumuman terbaru. Biasanya berkas fisik dibawa langsung saat DAFTAR ULANG (datang ke pondok). Namun cek instruksi di Kartu Bukti Pendaftaran Anda.","berkas fisik, kirim pos, online saja, hardcopy"
"Kenapa NIK Ayah/Ibu wajib diisi? Mereka sudah meninggal.","NIK orang tua diperlukan untuk sinkronisasi data EMIS (Kemenag) dan Dapodik (Kemdikbud). Jika sudah meninggal, tetap isi NIK beliau (lihat di KK lama) dan pilih status 'Meninggal Dunia' di kolom status.","nik ortu, meninggal, yatim, data wajib, emis"
"Aplikasi loading terus (muter-muter) saat dibuka.","Cek sinyal internet Anda. Jika sinyal bagus tapi tetap loading, coba hapus Cache browser Anda (Clear Cache) atau coba ganti browser lain. Terkadang cache lama membuat aplikasi 'nyangkut'.","loading, lemot, hapus cache, nyangkut, blank"
"Bisakah saya mengganti pilihan 'Ukuran Seragam' setelah finalisasi?","Ukuran seragam dipesan ke konveksi berdasarkan data final. Perubahan mendadak sulit dilakukan. Namun, saat pembagian seragam di pondok, biasanya ada sesi tukar ukuran jika stok tersedia.","ukuran baju, seragam, ganti ukuran, xl l m, konveksi"
"Kolom 'Hobi' tidak ada pilihannya yang cocok dengan anak saya.","Pilih opsi 'Lainnya' jika tersedia, atau pilih yang paling mendekati. Data hobi ini hanya data sekunder untuk kegiatan ekstrakurikuler, tidak mempengaruhi kelulusan.","hobi, pilihan, dropdown, isi data"
"Siapa yang harus menandatangani 'Surat Pernyataan Santri'?","Surat pernyataan harus ditandatangani oleh Santri (yang bersangkutan) dan Wali Santri (Orang Tua) di atas meterai 10.000. Ini berkekuatan hukum untuk kepatuhan tata tertib.","tanda tangan, surat pernyataan, meterai, legal"
"Apakah kartu KIP/KKS/PKH wajib diupload?","Jika punya, SANGAT WAJIB diupload. Kartu bantuan sosial pemerintah (PIP/KIP) akan membantu kami mengusulkan beasiswa pendidikan jalur aspirasi/pemerintah untuk anak Anda.","kip, kks, pkh, kartu pintar, beasiswa, upload"
"Saya salah transfer ke rekening Yayasan lain, bagaimana?","Waduh. Pondok tidak bertanggung jawab atas kesalahan tujuan transfer. Anda harus mengurus sendiri ke Bank terkait untuk pembatalan/penarikan dana. Selalu cek nama penerima sebelum kirim uang!","salah transfer, uang hilang, salah rekening, tanggung jawab"
"Bagaimana cara mengetahui nomor kamar asrama saya?","Pembagian kamar (Kamar) biasanya diumumkan saat hari kedatangan (Check-in) di papan pengumuman pondok, atau diinfokan H-1 lewat grup WhatsApp wali santri. Sistem online jarang menampilkan ini demi keamanan.","kamar, asrama, pembagian, cek kamar"
"Apakah akun pendaftaran ini berlaku selamanya?","Akun biasanya hanya aktif selama periode pendaftaran tahun berjalan. Setelah tahun ajaran dimulai, data akan dimigrasi ke sistem akademik pusat dan akun pendaftaran mungkin dinonaktifkan/direset.","masa aktif akun, selamanya, data lama, login"
"Di mana saya bisa download brosur rincian biaya lengkap?","Di halaman depan website https://www.alikhsan-beji.app/ biasanya ada tombol 'Download Brosur' atau di menu 'Informasi'. File berbentuk PDF atau Gambar yang bisa disimpan di HP.","brosur, rincian biaya, download, pdf info"
"Ada nomor admin yang bisa dihubungi?","Tentu, Anda bisa menghubungi Admin kami via WhatsApp di 081218768593. Klik link ini untuk chat langsung: https://wa.me/6281218768593","admin, kontak, nomor wa, whatsapp, hubungi"
"Saya butuh bantuan teknis, hubungi siapa?","Untuk kendala teknis atau pendaftaran, silakan chat Admin Support di 081218768593 atau klik langsung: https://wa.me/6281218768593","bantuan, teknis, error, support, chat"
"Minta nomor WA admin dong.","Ini nomor WhatsApp Admin kami: 081218768593. Agar lebih cepat, silakan klik link ini: https://wa.me/6281218768593","minta nomor, no wa, whatsapp admin, telepon"
"Siapa yang bisa dihubungi kalau website error?","Silakan laporkan kendala website ke Admin di nomor 081218768593. Klik link berikut untuk terhubung ke WhatsApp: https://wa.me/6281218768593","lapor, error, kendala, website down, admin it"
"Apakah ada kontak person pendaftaran?","Ya, segala pertanyaan terkait pendaftaran bisa ditanyakan ke 081218768593. Link chat langsung: https://wa.me/6281218768593","cp, contact person, narahubung, tanya pendaftaran"
"Saya tidak bisa klik tombol finalisasi.","Pastikan Anda sudah mencentang kotak 'Saya menyetujui pernyataan di atas' di bagian bawah formulir. Jika belum dicentang, tombol finalisasi akan tetap non-aktif.","finalisasi, centang, setuju, syarat, tombol mati"
"Apakah bisa daftar lewat laptop?","Bisa sekali. Justru kami menyarankan mendaftar lewat Laptop/PC agar tampilan formulir lebih lebar dan meminimalisir kesalahan ketik dibandingkan lewat HP.","laptop, pc, komputer, daftar lewat mana, rekomendasi"
"Berapa lama validasi berkas fisik?","Verifikasi berkas fisik saat daftar ulang biasanya langsung selesai di tempat (one day service), asalkan semua berkas yang dibawa sudah lengkap sesuai persyaratan.","validasi, berkas fisik, lama proses, daftar ulang"
"Bagaimana jika nama di KTP dan KK orang tua berbeda?","Gunakan data yang tertera di KK (Kartu Keluarga) terbaru sebagai acuan utama, karena KK biasanya lebih sering diperbarui datanya dibanding KTP lama.","beda nama, ktp kk, data ortu, validasi"
"Apakah ada biaya tambahan untuk seragam?","Biaya seragam pondok biasanya sudah termasuk dalam rincian Biaya Daftar Ulang (Uang Masuk). Namun untuk seragam sekolah formal (OSIS/Pramuka) kadang dibeli terpisah di koperasi. Cek rincian biaya di brosur.","biaya seragam, baju, beli terpisah, uang gedung"
"Saya punya sertifikat tahfidz 5 juz, apakah dapat prioritas?","Tentu. Pendaftar dengan sertifikat tahfidz atau prestasi akademik biasanya mendapatkan poin plus saat seleksi kelas, dan berpotensi mendapatkan beasiswa prestasi jika kuota tersedia.","sertifikat, tahfidz, prestasi, prioritas, beasiswa"
"Apakah ada jemputan dari terminal Purwokerto?","Pondok tidak menyediakan layanan jemputan reguler. Namun jika Anda datang rombongan besar (studi banding), bisa konfirmasi ke humas untuk bantuan penunjuk jalan.","jemputan, terminal, stasiun, antar jemput, transportasi"
"Bagaimana kalau saya telat datang saat hari pertama masuk?","Wajib konfirmasi ke pengurus keamanan atau asrama. Keterlambatan tanpa kabar bisa dianggap mengundurkan diri atau mendapatkan sanksi indisipliner bagi santri lama.","telat, terlambat, check in, hari pertama, sanksi"
"Apakah uang saku santri dibatasi?","Ya, kami menyarankan uang saku tidak berlebihan. Rata-rata santri cukup dengan Rp 300rb - 500rb per bulan (di luar syahriyah), tergantung gaya hidup. Uang berlebih rawan hilang atau disalahgunakan.","uang saku, jajan, nominal, batasan, hemat"